Workbook

Sheet RawData
A1: Order ID | B1: DATE | C1: Product | D1: Category | E1: Region | F1: Quantity | G1: Unit Price | H1: Revenue
A2: 1 | B2: 46145 | C2: Headphones | D2: Electronics | E2: East | F2: 4 | G2: 59000 | H2: =F2*G2 -> 236000
A3: 2 | B3: 46135 | C3: Laptop | D3: Electronics | E3: North | F3: 6 | G3: 40000 | H3: =F3*G3 -> 240000
A4: 3 | B4: 46064 | C4: Smartphone | D4: Electronics | E4: West | F4: 2 | G4: 25000 | H4: =F4*G4 -> 50000
A5: 4 | B5: 46243 | C5: Tablet | D5: Electronics | E5: East | F5: 5 | G5: 1850 | H5: =F5*G5 -> 9250
A6: 5 | B6: 46050 | C6: Monitor | D6: Electronics | E6: South | F6: 3 | G6: 2200 | H6: =F6*G6 -> 6600
A7: 6 | B7: 46055 | C7: Headphones | D7: Electronics | E7: North | F7: 1 | G7: 59000 | H7: =F7*G7 -> 59000
A8: 7 | B8: 46060 | C8: Laptop | D8: Accessories | E8: West | F8: 8 | G8: 800 | H8: =F8*G8 -> 6400
A9: 8 | B9: 46067 | C9: Mouse | D9: Accessories | E9: South | F9: 4 | G9: 2200 | H9: =F9*G9 -> 8800
A10: 9 | B10: 46074 | C10: Keyboard | D10: Electronics | E10: East | F10: 2 | G10: 18500 | H10: =F10*G10 -> 37000
A11: 10 | B11: 46079 | C11: Monitor | D11: Accessories | E11: North | F11: 5 | G11: 3500 | H11: =F11*G11 -> 17500
A12: 11 | B12: 46084 | C12: Headphones | D12: Electronics | E12: West | F12: 2 | G12: 28000 | H12: =F12*G12 -> 56000
A13: 12 | B13: 46090 | C13: Smartphone | D13: Electronics | E13: South | F13: 3 | G13: 22000 | H13: =F13*G13 -> 66000
... A31: 30 | B31: 46214 | C31: Printer | D31: Electronics | E31: East | F31: 2 | G31: 59000 | H31: =F31*G31 -> 118000

Sheet Analysis
A1: SALES PERFORMANCE ANALYSIS | D1: Region | E1: Total Revenue
A2: Total Revenue | B2: =SUM(RawData!H2:H32) -> 1590850 | D2: East | E2: =SUMIF(RawData!$E$2:$E$31,"East",RawData!$H$2:$H$31) -> 547050
A3: Total Orders | B3: =COUNTA(RawData!A2:A32) -> 30 | D3: North | E3: =SUMIF(RawData!$E$2:$E$31,"North",RawData!$H$2:$H$31) -> 485500
A4: Total Quantity Sold | B4: =SUM(RawData!F2:F32) -> 115 | D4: West | E4: =SUMIF(RawData!$E$2:$E$31,"West",RawData!$H$2:$H$31) -> 317400
A5: Average Order Value | B5: =B2/B3 -> 53028.333 | D5: South | E5: =SUMIF(RawData!$E$2:$E$31,"South",RawData!$H$2:$H$31) -> 240900

Sheet Product Analysis
A1: Product | B1: Total Revenue
A2: Laptop | B2: =SUMIF(RawData!C2:C31,A2,RawData!H2:H31) -> 269200
A3: Smartphone | B3: =SUMIF(RawData!C3:C32,A3,RawData!H3:H32) -> 226000
A4: Tablet | B4: =SUMIF(RawData!C4:C33,A4,RawData!H4:H33) -> 93250
A5: Monitor | B5: =SUMIF(RawData!C5:C34,A5,RawData!H5:H34) -> 59100
A6: Printer | B6: =SUMIF(RawData!C6:C35,A6,RawData!H6:H35) -> 185000
A7: Headphones | B7: =SUMIF(RawData!C7:C36,A7,RawData!H7:H36) -> 255000
A8: Keyboard | B8: =SUMIF(RawData!C8:C37,A8,RawData!H8:H37) -> 129500
A9: Mouse | B9: =SUMIF(RawData!C9:C38,A9,RawData!H9:H38) -> 137800

Sheet Dashboard
A1: BI SALES REPORTING DASHBOARD
A3: Total Revenue | C3: Total Orders | E3: Total Quantity | G3: Average Order Value
A5: =Analysis!B2 -> 1590850 | C5: =Analysis!B3 -> 30 | E5: =Analysis!B4 -> 115 | G5: =Analysis!B5 -> 53028.333
A8: PRODUCT-WISE REVENUE | D8: REGION-WISE REVENUE
A9: Laptop | B9: =SUMIF('Product Analysis'!A2:A9,A9,'Product Analysis'!B2:B9) -> 269200 | D9: East | E9: =Analysis!E2 -> 547050
A10: Smartphone | B10: ='Product Analysis'!B3 -> 226000 | D10: North | E10: =Analysis!E3 -> 485500
A11: Tablet | B11: ='Product Analysis'!B4 -> 93250 | D11: West | E11: =Analysis!E4 -> 317400
A12: Monitor | B12: ='Product Analysis'!B5 -> 59100 | D12: South | E12: =Analysis!E5 -> 240900
A13: Printer | B13: ='Product Analysis'!B6 -> 185000
A14: Headphones | B14: ='Product Analysis'!B7 -> 255000
A15: Keyboard | B15: ='Product Analysis'!B8 -> 129500
A16: Mouse | B16: ='Product Analysis'!B9 -> 137800
